site,t_min
100Smoky2008,-36
100Smoky2009,-34.5
100Smoky2010,-38.4
100Smoky2012,-33.1
101Smoky2008,-39.1
101Smoky2009,-32.6
101Smoky2010,-38
101Smoky2012,-34.8
102Smoky2008,-39.3
102Smoky2009,-33
102Smoky2010,-34.6
102Smoky2012,-33.2
103Smoky2008,-39.3
103Smoky2009,-33.8
103Smoky2010,-34.7
103Smoky2012,-32.8
104Smoky2008,-38.7
104Smoky2009,-31.6
104Smoky2010,-36.1
104Smoky2012,-32
105Smoky2008,-39.1
105Smoky2009,-32
105Smoky2010,-37.8
105Smoky2012,-33.2
106Smoky2008,-36
106Smoky2009,-31.9
106Smoky2010,-35.3
106Smoky2012,-37.6
107Smoky2008,-35.8
107Smoky2009,-34.5
107Smoky2010,-35.3
108Smoky2008,-38.8
108Smoky2009,-32.7
108Smoky2010,-33.3
109Smoky2008,-35.6
109Smoky2009,-33.6
109Smoky2010,-34.3
10Crowsnest2008,-28.8
10Kananaskis2008,-31.1
10Peace2008,-39.7
10Smoky2008,-34.8
10Willmore2008,-37.6
110Smoky2008,-39.1
110Smoky2009,-33.7
110Smoky2010,-38
111Smoky2008,-38.8
111Smoky2009,-28.5
111Smoky2010,-37.8
112Smoky2009,-37.9
112Smoky2010,-38.2
113Smoky2009,-36.3
113Smoky2010,-34.3
114Smoky2009,-33.6
114Smoky2010,-38.1
115Smoky2009,-34.6
115Smoky2010,-38.2
116Smoky2009,-33.8
116Smoky2010,-38.1
117Smoky2009,-29.5
117Smoky2010,-38.2
118Smoky2009,-38.9
118Smoky2010,-36.1
119Smoky2009,-30.7
119Smoky2010,-34.9
11Crowsnest2008,-28.5
11Kananaskis2008,-29.8
11Peace2008,-39.8
11Smoky2008,-36.3
11Willmore2008,-37.2
120Smoky2009,-35.3
120Smoky2010,-36.1
121Smoky2009,-36.2
121Smoky2010,-35.2
122Smoky2009,-40
122Smoky2010,-36.1
123Smoky2009,-40.3
123Smoky2010,-36.1
124Smoky2009,-31
124Smoky2010,-36.8
125Smoky2009,-31.1
125Smoky2010,-36.6
126Smoky2009,-31.2
126Smoky2010,-35.5
127Smoky2010,-36.8
128Smoky2009,-31.9
128Smoky2010,-36.8
129Smoky2009,-31.6
12Crowsnest2008,-31
12Kananaskis2008,-29.4
12Peace2008,-39.8
12Smoky2008,-35.5
12Willmore2008,-36.2
12Woodlands2008,-33.7
13Crowsnest2008,-30
13Kananaskis2008,-29.8
13Peace2008,-41.6
13Smoky2008,-41.7
13Willmore2008,-36.5
13Woodlands2008,-37.2
14Crowsnest2008,-30.2
14Kananaskis2008,-30.6
14Peace2008,-38
14Smoky2008,-34.5
14Willmore2008,-37.9
15Crowsnest2008,-30
15Kananaskis2008,-30.2
15Peace2008,-38.3
15Smoky2008,-34.9
15Woodlands2008,-38.4
16Crowsnest2008,-31
16Kananaskis2008,-31.1
16Peace2008,-39.4
16Smoky2008,-35.6
16Willmore2008,-38.6
17Kananaskis2008,-29.2
17Peace2008,-38.1
17Smoky2008,-38.8
17Willmore2008,-36.1
17Woodlands2008,-36.2
18Kananaskis2008,-29
18Peace2008,-39.9
18Smoky2008,-39.9
18Willmore2008,-38.1
19Peace2008,-38.5
19Smoky2008,-37.2
19Willmore2008,-37.6
1Foothills2008,-39
1Kananaskis2008,-31
1Kananaskis2008,-29
1Peace2008,-38.9
1Slave Lake2008,-38.4
20Peace2008,-39.4
20Willmore2008,-36.5
21Peace2008,-40.4
21Smoky2008,-38.6
21Willmore2008,-36.3
21Woodlands2008,-38
22Peace2008,-40.8
22Smoky2008,-38.4
22Willmore2008,-36.3
22Woodlands2008,-36.1
23Peace2008,-43.2
23Smoky2008,-36
23Willmore2008,-36.3
23Woodlands2008,-35.9
24Peace2008,-40.1
24Smoky2008,-36.2
24Willmore2008,-38.5
24Woodlands2008,-38.4
25Peace2008,-43.1
25Smoky2008,-37.8
25Willmore2008,-36.5
25Woodlands2008,-35.7
26Peace2008,-42.3
26Smoky2008,-37.6
26Willmore2008,-36.4
27Peace2008,-39.1
27Smoky2008,-37
27Willmore2008,-38.5
28Peace2008,-40.6
28Smoky2008,-37.6
28Woodlands2008,-38.6
29Peace2008,-39.3
29Smoky2008,-38.6
29Willmore2008,-38.1
29Woodlands2008,-36.5
2Crowsnest2008,-31
2Foothills2008,-39.4
2Kananaskis2008,-31.1
2Kananaskis2008,-29.5
2Peace2008,-38.2
2Smoky2008,-38.3
2Woodlands2008,-36.6
30Clearwater2009,-31.4
30Clearwater2011,-32.4
30Crowsnest2009,-34.8
30Foothills2009,-37.1
30Foothills2011,-31.6
30FRIAA2011,-33.2
30Kananaskis2011,-32.2
30Peace2008,-39.2
30Peace2010,-35.1
30Peace2011,-40
30Slave Lake2009,-34.7
30Slave Lake2011,-30.9
30Smoky2008,-38.4
30Smoky2011,-31.5
30Willmore2008,-38.3
30Woodlands2008,-36.8
30Woodlands2011,-27.8
31Clearwater2009,-32.1
31Clearwater2013,-24.6
31Crowsnest2009,-31.6
31Foothills2009,-38.7
31Foothills2011,-31.3
31Foothills2012,-34.3
31Foothills2013,-27.3
31FRIAA2011,-33.6
31Kananaskis2011,-32.4
31Peace2008,-38.2
31Peace2010,-33.7
31Peace2011,-35.2
31Peace2012,-30.7
31Peace2013,-27.8
31Slave Lake2011,-30.8
31Slave Lake2012,-34.6
31Smoky2008,-39.2
31Smoky2011,-31.5
31Smoky2012,-32
31Smoky2013,-30.1
31Willmore2008,-37.9
31Woodlands2011,-28
31Woodlands2012,-37.3
31Woodlands2013,-25.6
32Clearwater2009,-32.2
32Clearwater2013,-24.6
32Crowsnest2009,-32.7
32Foothills2009,-36.1
32Foothills2011,-30.6
32Foothills2012,-34.3
32Foothills2013,-27.1
32FRIAA2011,-33.6
32Kananaskis2011,-32.6
32Peace2008,-39.6
32Peace2010,-34.5
32Peace2011,-35.2
32Peace2012,-29.4
32Peace2013,-27.7
32Slave Lake2009,-36.5
32Slave Lake2011,-32.8
32Slave Lake2012,-31.5
32Smoky2008,-38.3
32Smoky2011,-31.1
32Smoky2012,-35
32Smoky2013,-27.3
32Willmore2008,-37.9
32Woodlands2011,-29.2
32Woodlands2012,-36.2
32Woodlands2013,-27
33Clearwater2009,-32.5
33Clearwater2013,-25.1
33Crowsnest2009,-31.9
33Foothills2009,-41.1
33Foothills2011,-30.5
33Foothills2012,-32.2
33Foothills2013,-25.7
33FRIAA2011,-33.3
33Kananaskis2011,-32.6
33Peace2008,-40.8
33Peace2010,-35.6
33Peace2011,-35.7
33Peace2012,-31.9
33Peace2013,-28
33Slave Lake2009,-36.1
33Slave Lake2011,-30.7
33Slave Lake2012,-30.5
33Smoky2008,-36.7
33Smoky2011,-30.1
33Smoky2012,-35.4
33Smoky2013,-30.1
33Willmore2008,-37.9
33Woodlands2011,-29
33Woodlands2012,-36.5
33Woodlands2013,-27.2
34Clearwater2013,-25.1
34Crowsnest2009,-32.1
34Foothills2011,-29.6
34Foothills2012,-33.3
34Foothills2013,-26.3
34FRIAA2011,-32.5
34Kananaskis2011,-34
34Peace2008,-39.5
34Peace2009,-37.5
34Peace2010,-35.5
34Peace2011,-36.1
34Peace2012,-30.1
34Peace2013,-29
34Slave Lake2009,-35.9
34Slave Lake2011,-28.3
34Slave Lake2012,-30.4
34Smoky2008,-38.3
34Smoky2011,-31.9
34Smoky2012,-31.9
34Smoky2013,-29.5
34Willmore2008,-38.1
34Willmore2009,-36.8
34Woodlands2011,-32.2
34Woodlands2012,-36.3
34Woodlands2013,-26.3
35Crowsnest2009,-33.4
35Foothills2008,-40.3
35Foothills2011,-32.9
35Foothills2012,-36
35Foothills2013,-26.5
35FRIAA2011,-32.5
35Peace2008,-38.9
35Peace2009,-38.4
35Peace2010,-36.2
35Peace2011,-36.3
35Peace2012,-30
35Slave Lake2009,-38.7
35Slave Lake2011,-32.4
35Slave Lake2012,-30.5
35Smoky2008,-38.5
35Smoky2011,-32.3
35Smoky2012,-34
35Smoky2013,-29
35Willmore2009,-37
35Woodlands2011,-30.7
35Woodlands2012,-33.2
35Woodlands2013,-26.4
36Clearwater2013,-25.1
36Crowsnest2009,-32.8
36Foothills2011,-29.6
36Foothills2012,-35.3
36Foothills2013,-26.4
36FRIAA2011,-32.5
36Peace2009,-38.1
36Peace2010,-33.8
36Peace2011,-31.1
36Peace2012,-32.1
36Peace2013,-30.3
36Slave Lake2009,-38.9
36Slave Lake2011,-28.5
36Slave Lake2012,-31.6
36Smoky2008,-38
36Smoky2011,-33
36Smoky2012,-34.2
36Smoky2013,-28.2
36Willmore2008,-38.2
36Willmore2009,-39
36Woodlands2011,-33.5
36Woodlands2012,-36
36Woodlands2013,-26.6
37Crowsnest2009,-35.1
37Foothills2008,-38.6
37Foothills2011,-30.2
37Foothills2012,-35.3
37Foothills2013,-26.4
37FRIAA2011,-32.5
37Peace2009,-38.6
37Peace2010,-33.7
37Peace2011,-33.3
37Peace2012,-31.5
37Slave Lake2009,-33.8
37Slave Lake2011,-28.1
37Slave Lake2012,-28.6
37Smoky2008,-37.1
37Smoky2011,-31.6
37Smoky2012,-35.4
37Smoky2013,-28.7
37Willmore2009,-39.8
37Woodlands2011,-33.4
37Woodlands2012,-38.4
37Woodlands2013,-26.7
38Crowsnest2009,-35.3
38Foothills2008,-39.3
38Foothills2011,-29.7
38Foothills2012,-37
38Foothills2013,-26.2
38FRIAA2011,-33.2
38Peace2009,-38.4
38Peace2010,-34.5
38Peace2011,-33.9
38Peace2012,-30.9
38Slave Lake2009,-34.1
38Slave Lake2011,-28.7
38Slave Lake2012,-29.3
38Smoky2008,-36.9
38Smoky2011,-34.1
38Smoky2012,-34.5
38Smoky2013,-30.2
38Willmore2009,-38.7
38Woodlands2011,-33.4
38Woodlands2012,-36
39Crowsnest2009,-33
39Foothills2009,-35.3
39Foothills2011,-33.5
39Foothills2012,-32.8
39Foothills2013,-26.8
39FRIAA2011,-33.2
39Peace2009,-36.9
39Peace2010,-34.6
39Peace2011,-33.7
39Peace2012,-31.6
39Peace2013,-28.1
39Slave Lake2009,-36.1
39Slave Lake2011,-29.3
39Slave Lake2012,-31.8
39Smoky2008,-35.2
39Smoky2011,-32
39Smoky2012,-33.6
39Smoky2013,-28.5
39Willmore2008,-38.2
39Willmore2009,-39.9
39Woodlands2011,-30.4
39Woodlands2012,-34.7
39Woodlands2013,-27.1
3Crowsnest2008,-31.7
3Foothills2008,-38.3
3Kananaskis2008,-30.8
3Kananaskis2008,-29.4
3Peace2008,-37.9
3Smoky2008,-38.7
40Crowsnest2009,-32.8
40Foothills2009,-38.4
40Foothills2011,-31.9
40Foothills2012,-34.3
40Foothills2013,-28.1
40FRIAA2011,-33.3
40Peace2009,-36.7
40Peace2010,-33.6
40Peace2011,-30.6
40Peace2012,-29.4
40Peace2013,-29.1
40Slave Lake2009,-35.9
40Slave Lake2011,-29.1
40Slave Lake2012,-31.1
40Smoky2008,-35.4
40Smoky2011,-28.1
40Smoky2012,-34.3
40Smoky2013,-29
40Willmore2008,-38.4
40Woodlands2011,-33.3
40Woodlands2012,-37.8
40Woodlands2013,-24.8
41Crowsnest2009,-35.1
41Foothills2011,-32
41Foothills2012,-36.6
41Foothills2013,-27.5
41FRIAA2011,-33.2
41Peace2009,-36.3
41Peace2010,-34.9
41Peace2011,-31.2
41Peace2012,-29.1
41Peace2013,-30.8
41Slave Lake2009,-33
41Slave Lake2011,-29.2
41Slave Lake2012,-27.9
41Smoky2008,-36.4
41Smoky2011,-32
41Smoky2012,-33.9
41Smoky2013,-29.7
41Willmore2008,-38.6
41Willmore2009,-38
41Woodlands2011,-34.4
41Woodlands2012,-37.1
41Woodlands2013,-26.3
42Foothills2011,-30.2
42Foothills2012,-35.4
42Foothills2013,-26.6
42FRIAA2011,-32.6
42Peace2009,-36
42Peace2010,-33.2
42Peace2011,-31.4
42Peace2012,-29.8
42Peace2013,-30.5
42Slave Lake2009,-33.6
42Slave Lake2011,-28.7
42Slave Lake2012,-28.3
42Smoky2008,-36.5
42Smoky2011,-33.3
42Smoky2012,-35.2
42Smoky2013,-28.4
42Willmore2008,-38.8
42Willmore2009,-37.4
42Woodlands2011,-33.5
42Woodlands2012,-33.2
42Woodlands2013,-24.7
43Foothills2011,-29.7
43Foothills2012,-36.9
43Foothills2013,-24.9
43FRIAA2011,-33.3
43Kananaskis2009,-37.1
43Peace2009,-36.9
43Peace2010,-34.7
43Peace2011,-34.9
43Peace2012,-28.9
43Peace2013,-30.5
43Slave Lake2009,-33.4
43Slave Lake2011,-28.6
43Slave Lake2012,-31.4
43Smoky2008,-33.2
43Smoky2011,-32.4
43Smoky2012,-35
43Smoky2013,-28.7
43Willmore2008,-38.8
43Willmore2009,-35.1
43Woodlands2011,-33.4
43Woodlands2012,-36.2
43Woodlands2013,-25.7
44Foothills2008,-38.8
44Foothills2011,-29.8
44Foothills2012,-36.3
44Foothills2013,-24.6
44FRIAA2011,-32.9
44Kananaskis2009,-35.9
44Peace2009,-36.7
44Peace2010,-38.3
44Peace2011,-35.3
44Peace2012,-29.2
44Peace2013,-29.1
44Slave Lake2009,-33.4
44Slave Lake2011,-28.4
44Slave Lake2012,-29.1
44Smoky2008,-33.2
44Smoky2011,-31.2
44Smoky2012,-36
44Smoky2013,-28.2
44Willmore2009,-35
44Woodlands2011,-33.4
44Woodlands2012,-36.7
44Woodlands2013,-26.9
45Foothills2011,-30.4
45Foothills2012,-36.5
45Foothills2013,-25.7
45FRIAA2011,-34.1
45Kananaskis2009,-35.5
45Peace2009,-36.1
45Peace2010,-34.7
45Peace2011,-41
45Peace2012,-30.8
45Peace2013,-28.8
45Slave Lake2009,-33.4
45Slave Lake2011,-29.4
45Slave Lake2012,-30.5
45Smoky2008,-34.7
45Smoky2011,-30.6
45Smoky2012,-35.3
45Smoky2013,-29.5
45Willmore2008,-38.2
45Willmore2009,-35.4
45Woodlands2011,-33.4
45Woodlands2012,-34.2
45Woodlands2013,-28
46Foothills2011,-30.9
46Foothills2012,-35.7
46Foothills2013,-27
46FRIAA2011,-31.9
46Kananaskis2009,-36.3
46Peace2009,-39.2
46Peace2010,-39.5
46Peace2012,-30.8
46Peace2013,-27.4
46Slave Lake2009,-32.8
46Slave Lake2011,-28.9
46Slave Lake2012,-30.5
46Smoky2008,-36.2
46Smoky2011,-35.8
46Smoky2012,-32.3
46Smoky2013,-28.4
46Willmore2008,-36.7
46Willmore2009,-39.2
46Woodlands2011,-33.4
46Woodlands2012,-32.6
46Woodlands2013,-27.4
47Foothills2011,-32.5
47Foothills2012,-35.7
47Foothills2013,-24.9
47FRIAA2011,-31.8
47Kananaskis2009,-35.9
47Peace2009,-39.7
47Peace2010,-37.9
47Peace2012,-30.8
47Peace2013,-29.1
47Slave Lake2009,-32.9
47Slave Lake2012,-30.8
47Smoky2008,-35
47Smoky2011,-31.7
47Smoky2012,-32.6
47Smoky2013,-29.5
47Willmore2009,-34.9
47Woodlands2011,-33.5
47Woodlands2012,-35.6
47Woodlands2013,-26.9
48Foothills2011,-29.6
48Foothills2012,-35.5
48Foothills2013,-27.5
48FRIAA2011,-32
48Kananaskis2009,-36.3
48Peace2009,-41
48Peace2010,-37.9
48Peace2012,-29.5
48Slave Lake2009,-32.2
48Slave Lake2012,-30.6
48Smoky2008,-36.3
48Smoky2011,-31.4
48Smoky2012,-32.8
48Smoky2013,-30.2
48Willmore2009,-35.7
48Woodlands2011,-30.4
48Woodlands2012,-38.7
48Woodlands2013,-27
49Foothills2011,-28.5
49Foothills2012,-35.5
49Foothills2013,-25.7
49FRIAA2011,-31.6
49Kananaskis2009,-35.9
49Peace2009,-35.6
49Peace2010,-34.9
49Slave Lake2009,-32.8
49Slave Lake2012,-30.6
49Smoky2008,-36.9
49Smoky2011,-32
49Smoky2012,-32.8
49Smoky2013,-29.6
49Willmore2009,-35.9
49Woodlands2011,-31.4
49Woodlands2013,-26.2
4Foothills2008,-38.7
4Kananaskis2008,-31.1
4Peace2008,-37.6
4Smoky2008,-37.9
4Woodlands2008,-37.9
50Foothills2011,-34
50Foothills2012,-37
50Foothills2013,-25.2
50FRIAA2011,-31.6
50Kananaskis2009,-35.5
50Peace2009,-38.9
50Peace2010,-36.1
50Slave Lake2009,-33.8
50Slave Lake2012,-29.6
50Smoky2008,-36.9
50Smoky2011,-31.3
50Smoky2012,-32.6
50Smoky2013,-30
50Willmore2009,-38.4
50Woodlands2011,-28.9
50Woodlands2013,-25.4
51Foothills2011,-34.1
51Foothills2012,-36.6
51Foothills2013,-25.3
51FRIAA2011,-31.2
51Kananaskis2009,-35.6
51Peace2009,-35.9
51Peace2010,-33.3
51Peace2013,-27.7
51Slave Lake2009,-33.8
51Slave Lake2012,-29.6
51Smoky2008,-37.1
51Smoky2011,-30.8
51Smoky2012,-34
51Smoky2013,-27.8
51Willmore2009,-41.6
51Woodlands2011,-28.9
51Woodlands2013,-24.9
52Foothills2009,-40
52Foothills2011,-34
52Foothills2012,-36.1
52Foothills2013,-28.9
52FRIAA2011,-30.5
52Kananaskis2009,-35.9
52Peace2009,-40.4
52Peace2013,-28
52Slave Lake2009,-36.1
52Slave Lake2012,-31.6
52Smoky2008,-36.7
52Smoky2011,-31
52Smoky2012,-33.5
52Smoky2013,-27.3
52Woodlands2011,-32
52Woodlands2013,-26.8
53Foothills2011,-33.2
53Foothills2012,-36.5
53Foothills2013,-28.1
53FRIAA2011,-30.5
53Kananaskis2009,-35.9
53Peace2009,-36.8
53Slave Lake2009,-33.9
53Slave Lake2012,-29
53Smoky2008,-38
53Smoky2011,-30.8
53Smoky2012,-32.6
53Smoky2013,-27.7
53Willmore2009,-35.7
53Woodlands2011,-31.8
53Woodlands2013,-24.2
54Foothills2011,-32.1
54Foothills2013,-24.9
54FRIAA2011,-30.9
54Kananaskis2009,-36.7
54Peace2009,-35.8
54Slave Lake2009,-36.1
54Smoky2008,-37
54Smoky2011,-30.9
54Smoky2012,-35.2
54Smoky2013,-29.1
54Willmore2009,-35.8
54Woodlands2011,-32
54Woodlands2013,-26.6
55Foothills2009,-38.6
55Foothills2011,-31.2
55Foothills2013,-26
55FRIAA2011,-30.8
55Peace2009,-36.2
55Slave Lake2009,-38
55Slave Lake2012,-30.7
55Smoky2008,-36.6
55Smoky2011,-30.9
55Smoky2012,-34.9
55Smoky2013,-30.1
55Woodlands2011,-32
55Woodlands2013,-26.5
56Foothills2011,-33.3
56Foothills2013,-26
56FRIAA2011,-30.8
56Peace2009,-40.1
56Slave Lake2009,-36.1
56Slave Lake2012,-31
56Smoky2008,-36.9
56Smoky2011,-32.1
56Smoky2012,-35.5
56Smoky2013,-30.2
56Willmore2009,-35.2
56Woodlands2011,-32.1
56Woodlands2013,-26.7
57Foothills2009,-37.6
57Foothills2011,-32.8
57Foothills2013,-24.7
57FRIAA2011,-30.6
57Peace2009,-34.8
57Slave Lake2009,-36.2
57Slave Lake2012,-31.7
57Smoky2008,-37.8
57Smoky2011,-33.6
57Smoky2012,-33.7
57Smoky2013,-29
57Woodlands2011,-32.5
57Woodlands2013,-27.2
58Foothills2009,-41.7
58Foothills2010,-33.7
58Foothills2011,-33.4
58Foothills2013,-26.2
58FRIAA2011,-31.1
58Peace2009,-37.5
58Slave Lake2009,-32.8
58Slave Lake2012,-28.9
58Smoky2008,-37
58Smoky2009,-30.7
58Smoky2010,-40.2
58Smoky2011,-32.7
58Smoky2012,-34
58Smoky2013,-29
58Woodlands2010,-37.5
58Woodlands2011,-32.3
59Foothills2009,-37.5
59Foothills2010,-32.4
59Foothills2011,-33
59Foothills2013,-24.6
59FRIAA2011,-31.4
59Peace2009,-39.3
59Slave Lake2009,-33.9
59Slave Lake2012,-29.7
59Smoky2008,-35.3
59Smoky2009,-32.9
59Smoky2010,-36
59Smoky2011,-30.8
59Smoky2012,-35.1
59Smoky2013,-28.9
59Woodlands2010,-40.9
59Woodlands2011,-32.2
5Crowsnest2008,-31.8
5Kananaskis2008,-29.8
5Peace2008,-37.4
5Smoky2008,-37.3
5Willmore2008,-37.6
60Foothills2010,-40.3
60Foothills2011,-33.6
60Foothills2013,-26.5
60FRIAA2011,-31.4
60Peace2009,-37.3
60Slave Lake2009,-36.4
60Slave Lake2012,-31
60Smoky2008,-36.7
60Smoky2009,-36.3
60Smoky2010,-35.5
60Smoky2011,-31.7
60Smoky2012,-35.2
60Smoky2013,-31.2
60Willmore2009,-37.6
60Woodlands2010,-41.2
60Woodlands2011,-34
61Foothills2010,-33.7
61Foothills2011,-33.6
61Foothills2013,-24.9
61FRIAA2011,-31.3
61Peace2009,-37.6
61Slave Lake2012,-29.7
61Smoky2008,-36.7
61Smoky2009,-30.8
61Smoky2010,-35.7
61Smoky2011,-31.3
61Smoky2012,-33.1
61Smoky2013,-27.4
61Willmore2009,-38.4
61Woodlands2010,-41.4
61Woodlands2011,-34
62Foothills2010,-32.7
62Foothills2011,-32.7
62Foothills2013,-28.3
62FRIAA2011,-31.1
62Peace2009,-37.2
62Slave Lake2009,-35.2
62Slave Lake2012,-30.4
62Smoky2008,-38.1
62Smoky2009,-36
62Smoky2010,-35.6
62Smoky2011,-32.6
62Smoky2012,-31.9
62Smoky2013,-27.7
62Willmore2009,-35.7
62Woodlands2010,-41
62Woodlands2011,-32.7
63Foothills2009,-39.3
63Foothills2010,-38
63Foothills2011,-32.1
63Foothills2013,-28.2
63FRIAA2011,-31.4
63Peace2009,-39.2
63Slave Lake2009,-34.4
63Slave Lake2012,-28.3
63Smoky2008,-36.3
63Smoky2009,-30.8
63Smoky2010,-36.3
63Smoky2011,-31.3
63Smoky2012,-32.2
63Smoky2013,-30.6
63Woodlands2010,-33.5
63Woodlands2011,-33.8
64Foothills2010,-36.7
64Foothills2011,-32.2
64Foothills2013,-27
64FRIAA2011,-31
64Peace2009,-37.1
64Slave Lake2012,-29.7
64Smoky2008,-35.8
64Smoky2009,-34.1
64Smoky2010,-37.9
64Smoky2011,-32.5
64Smoky2012,-32.8
64Smoky2013,-29.7
64Willmore2009,-36.5
64Woodlands2010,-41.1
64Woodlands2011,-33.8
65Foothills2010,-36.3
65Foothills2011,-31.9
65FRIAA2011,-31
65Peace2009,-37
65Slave Lake2012,-29.6
65Smoky2008,-37.3
65Smoky2009,-35.9
65Smoky2010,-37.9
65Smoky2011,-32.1
65Smoky2012,-35.5
65Smoky2013,-31.1
65Woodlands2010,-40.7
65Woodlands2011,-34.2
66Foothills2010,-33.2
66Foothills2011,-30.2
66FRIAA2011,-30.9
66Peace2009,-38.1
66Slave Lake2012,-30.2
66Smoky2008,-33.7
66Smoky2009,-35.5
66Smoky2010,-38.8
66Smoky2011,-32.7
66Smoky2012,-34
66Smoky2013,-30.3
66Woodlands2010,-38.1
66Woodlands2011,-31.7
67Foothills2010,-36.6
67Foothills2011,-34
67FRIAA2011,-30.8
67Peace2009,-39.3
67Slave Lake2012,-30.7
67Smoky2008,-32.7
67Smoky2009,-36.3
67Smoky2010,-39.1
67Smoky2011,-32.1
67Smoky2012,-32.3
67Smoky2013,-27.8
67Woodlands2010,-39.9
67Woodlands2011,-36.6
68Foothills2010,-36.8
68Foothills2011,-33.8
68FRIAA2011,-30.8
68Peace2009,-34.5
68Slave Lake2012,-29.2
68Smoky2008,-32.7
68Smoky2009,-30.8
68Smoky2010,-39.2
68Smoky2011,-31.6
68Smoky2012,-35.6
68Smoky2013,-30.3
68Woodlands2010,-39.8
68Woodlands2011,-32.6
69Foothills2010,-34.2
69FRIAA2011,-30.9
69Peace2009,-38.2
69Slave Lake2012,-31.3
69Smoky2008,-37.7
69Smoky2009,-35.8
69Smoky2010,-32.7
69Smoky2011,-30.4
69Smoky2012,-35.2
69Smoky2013,-30.2
69Woodlands2010,-39.5
69Woodlands2011,-30.1
6Crowsnest2008,-31.7
6Foothills2008,-38.9
6Peace2008,-37.7
6Smoky2008,-35.1
6Woodlands2008,-37.2
70Foothills2010,-39.2
70FRIAA2011,-32
70Peace2009,-39.1
70Slave Lake2012,-30
70Smoky2008,-38
70Smoky2009,-35.7
70Smoky2010,-37.1
70Smoky2011,-30.6
70Smoky2012,-35.5
70Smoky2013,-29.2
70Woodlands2010,-40.7
70Woodlands2011,-32.4
71Foothills2010,-33.2
71FRIAA2011,-32
71Peace2009,-35
71Slave Lake2012,-31.1
71Smoky2008,-37.7
71Smoky2009,-35.1
71Smoky2010,-37.7
71Smoky2011,-31.8
71Smoky2012,-35.1
71Smoky2013,-28.3
71Woodlands2010,-25.7
71Woodlands2011,-33.4
72Foothills2010,-35.1
72FRIAA2011,-31.9
72Peace2009,-37.2
72Smoky2008,-38.1
72Smoky2009,-34.8
72Smoky2010,-37.2
72Smoky2011,-31.5
72Smoky2012,-35.2
72Smoky2013,-29.7
72Woodlands2010,-40.9
72Woodlands2011,-32.9
73Foothills2010,-36.9
73FRIAA2011,-31.8
73Smoky2008,-30.1
73Smoky2009,-35.6
73Smoky2010,-36.9
73Smoky2011,-31.8
73Smoky2012,-34.9
73Woodlands2010,-30.4
73Woodlands2011,-30.1
74Foothills2010,-36.7
74FRIAA2011,-31.6
74Smoky2008,-38.6
74Smoky2009,-34.8
74Smoky2010,-37.6
74Smoky2011,-31.7
74Smoky2012,-34.9
74Woodlands2010,-40.5
74Woodlands2011,-30.5
75Foothills2010,-35.8
75FRIAA2011,-31.6
75Smoky2008,-39.5
75Smoky2009,-35.3
75Smoky2010,-38.6
75Smoky2012,-34.2
75Woodlands2010,-37.4
75Woodlands2011,-36.6
76Foothills2010,-33.9
76FRIAA2011,-31.5
76Smoky2008,-38.8
76Smoky2009,-33.6
76Smoky2010,-38.3
76Smoky2012,-34.8
76Woodlands2010,-36.7
76Woodlands2011,-31.6
77Foothills2010,-35.6
77FRIAA2011,-31.5
77Smoky2008,-35.8
77Smoky2009,-35.9
77Smoky2010,-33.9
77Smoky2012,-33.5
77Woodlands2010,-39.7
77Woodlands2011,-32
78Foothills2010,-32.7
78FRIAA2011,-31.5
78Smoky2008,-35.6
78Smoky2009,-34
78Smoky2010,-35.3
78Smoky2012,-33.9
78Woodlands2010,-40.7
78Woodlands2011,-36.4
79Foothills2010,-35.1
79FRIAA2011,-35
79Smoky2008,-37.4
79Smoky2009,-34.5
79Smoky2010,-38.2
79Smoky2012,-31.8
79Woodlands2010,-40
79Woodlands2011,-30.7
7Crowsnest2008,-29.9
7Foothills2008,-38.1
7Kananaskis2008,-29.7
7Peace2008,-39.7
7Smoky2008,-34.9
7Woodlands2008,-37.2
80Foothills2010,-35.8
80FRIAA2011,-35
80Smoky2008,-36.2
80Smoky2009,-36.8
80Smoky2010,-37.6
80Smoky2012,-34.9
80Woodlands2010,-41.3
80Woodlands2011,-32.4
81Foothills2010,-36.1
81FRIAA2011,-35
81Smoky2008,-31.6
81Smoky2009,-36.8
81Smoky2010,-37.8
81Smoky2012,-34.6
81Woodlands2010,-34.3
81Woodlands2011,-27.4
82Foothills2010,-35.5
82FRIAA2011,-34.3
82Smoky2008,-35.3
82Smoky2009,-35.9
82Smoky2010,-36.2
82Smoky2012,-35.1
82Woodlands2010,-33.8
82Woodlands2011,-27.5
83Foothills2010,-35.4
83FRIAA2011,-34.5
83Smoky2008,-35.5
83Smoky2009,-30.8
83Smoky2010,-35.7
83Smoky2012,-35.3
83Woodlands2010,-36.4
83Woodlands2011,-34.8
84Foothills2010,-35.2
84FRIAA2011,-34
84Smoky2008,-35
84Smoky2009,-33.2
84Smoky2010,-35.6
84Smoky2012,-34.8
84Woodlands2011,-32.9
85Foothills2010,-37.9
85FRIAA2011,-33.5
85Smoky2008,-35.3
85Smoky2010,-29.2
85Smoky2012,-35.3
85Woodlands2011,-33.7
86Foothills2010,-38.1
86FRIAA2011,-33.5
86Smoky2008,-38.2
86Smoky2009,-32.3
86Smoky2010,-29.2
86Smoky2012,-31.6
86Woodlands2011,-33.7
87Foothills2010,-28.8
87FRIAA2011,-32.9
87Smoky2008,-37.6
87Smoky2009,-31.8
87Smoky2010,-40.4
87Smoky2012,-36.1
87Woodlands2011,-33.6
88Foothills2010,-37.2
88FRIAA2011,-31.8
88Smoky2008,-38.7
88Smoky2009,-30.8
88Smoky2010,-29.2
88Smoky2012,-34.8
88Woodlands2011,-33
89Foothills2010,-37.4
89Smoky2008,-36.2
89Smoky2009,-30.5
89Smoky2010,-37.7
89Smoky2012,-37.2
89Woodlands2011,-29.9
8Crowsnest2008,-28.8
8Kananaskis2008,-31.6
8Peace2008,-39.7
8Smoky2008,-35.6
8Willmore2008,-36.4
8Woodlands2008,-37.9
90Foothills2010,-37.8
90Smoky2008,-33
90Smoky2009,-34.1
90Smoky2010,-35.2
90Smoky2012,-32.9
90Woodlands2011,-33.3
91Foothills2010,-37.2
91Smoky2008,-35.7
91Smoky2009,-32.5
91Smoky2010,-35.3
91Smoky2012,-35.1
91Woodlands2011,-33.3
92Smoky2008,-35.9
92Smoky2009,-30.3
92Smoky2010,-36.8
92Smoky2012,-36
92Woodlands2011,-35.5
93Smoky2008,-36
93Smoky2009,-30.6
93Smoky2010,-34.7
93Smoky2012,-36.4
93Woodlands2011,-32.8
94Smoky2008,-39.6
94Smoky2009,-40.6
94Smoky2010,-30.4
94Smoky2012,-35.1
94Woodlands2011,-35.5
95Smoky2008,-39.2
95Smoky2009,-37
95Smoky2010,-37.9
95Smoky2012,-35.7
96Smoky2008,-36.3
96Smoky2009,-31.5
96Smoky2010,-38
96Smoky2012,-33.2
97Smoky2008,-35.6
97Smoky2009,-31.5
97Smoky2010,-33.6
97Smoky2012,-32.7
98Smoky2008,-38.5
98Smoky2009,-34.2
98Smoky2010,-27.8
98Smoky2012,-34.8
99Smoky2008,-35.3
99Smoky2009,-34.9
99Smoky2010,-34.8
99Smoky2012,-34.1
9Crowsnest2008,-28.4
9Kananaskis2008,-29.4
9Peace2008,-40
9Smoky2008,-35.8
9Willmore2008,-39
9Woodlands2008,-38.1
7726Slave Lake2014,-32.4
19639Slave Lake2016,-30.7
7602Slave Lake2014,-32
19461Slave Lake2016,-29.2
19437Slave Lake2016,-29.1
19435Slave Lake2016,-29.1
7604Slave Lake2015,-27.4
7604BSlave Lake2015,-27.8
S2011Slave Lake2016,-25.7
S2010Slave Lake2016,-25.7
S2003Slave Lake2016,-25.7
1350Woodlands2014,-31.1
1433Slave Lake2015,-28.8
1433CSlave Lake2015,-28.8
1433BSlave Lake2015,-28.8
1434ASlave Lake2015,-28.6
6911Slave Lake2015,-28.6
1598Slave Lake2015,-30.4
1599Slave Lake2015,-30.5
7111Slave Lake2015,-28.3
447Woodlands2014,-30
CC2Foothills2014,-31.3
CC1Foothills2014,-31.3
1243Foothills2014,-30.3
6553Woodlands2015,-28.8
1266Foothills2014,-30.5
943Woodlands2016,-19.9
17220Foothills2016,-20.9
4098AFoothills2015,-29.6
4519Foothills2015,-29.6
17333Foothills2016,-21.2
2Slave Lake2014,-29.4
6913Slave Lake2014,-29.6
955Foothills2014,-31.3
3291Woodlands2014,-29.2
91-13-W5Peace2014,-35.1
1035Foothills2014,-32.8
988Woodlands2014,-29.3
CHC1Woodlands2016,-20.1
6109Woodlands2015,-29.2
30Foothills2014,-31
4117AFoothills2015,-32.6
8215W5Peace2015,-27.5
17934Foothills2016,-21.9
630Woodlands2014,-29.8
4471Foothills2015,-32.8
1012Woodlands2014,-29.2
5073Woodlands2015,-30.7
1164Foothills2014,-33.4
11494Woodlands2015,-32
777AFoothills2014,-34.4
17958Foothills2016,-24.7
7620Woodlands2015,-30.7
3250Foothills2015,-33.1
7483Woodlands2015,-30.5
11698Woodlands2015,-30.8
2063Woodlands2014,-33.1
4197Foothills2015,-32.9
162Foothills2014,-34.5
804Foothills2014,-34.4
18197Foothills2016,-25.3
18121Foothills2016,-24.8
811Foothills2014,-34.3
13322Woodlands2015,-30.7
256Foothills2014,-34
4417Foothills2015,-33
4626Foothills2015,-32.5
4426Foothills2015,-31.5
899Foothills2014,-35.1
3536Woodlands2014,-33.2
901Foothills2014,-33.6
12042Woodlands2015,-32.8
17477Foothills2016,-24.4
17761Foothills2016,-24.2
4103Woodlands2014,-33
4206Woodlands2014,-30.9
2162Woodlands2016,-23.7
18036Foothills2016,-24.7
4031Foothills2015,-32.5
220Foothills2014,-33.8
WF1Foothills2014,-33.4
4441Foothills2015,-34.4
17640Foothills2016,-24.6
17354Foothills2016,-24.7
17062Foothills2016,-27.4
TONY1Woodlands2016,-22.1
9004Woodlands2015,-32.6
6307Woodlands2014,-33.1
652AFoothills2014,-32.9
8474Woodlands2015,-33.9
4590AWoodlands2014,-31.1
17879Foothills2016,-25.2
98-22-W5Peace2014,-36
CROOK1Smoky2016,-21.8
10687Woodlands2015,-33.1
17346Foothills2016,-24.8
96-22-W5Peace2014,-35.9
9622W5Peace2015,-27.2
97-22-W5Peace2014,-35.9
9622W5MPeace2016,-27.8
4067Foothills2015,-34.3
4568AFoothills2015,-34.5
4315Foothills2015,-34.5
17764Foothills2016,-26.6
WASK1Smoky2016,-22.5
WASK5Smoky2015,-33.7
17544BFoothills2016,-25.6
WASK1Smoky2014,-31.6
WASK4Smoky2015,-34
WASK4Smoky2014,-32.4
WASK2Smoky2014,-31.7
WASK3Smoky2016,-24.9
JACK2Smoky2016,-23.2
JACKFISH1Smoky2014,-30.9
JACK1Smoky2016,-22
WASK3Smoky2014,-33.1
17732Foothills2016,-27.5
WASK3Smoky2015,-34.1
WASK4Smoky2016,-23.9
WASK1Smoky2015,-34.3
JACKFISH1Smoky2015,-34.3
WASK2Smoky2015,-34.9
LATORN1Smoky2016,-23.6
MOOSE3Smoky2014,-32
MOOSE2Smoky2016,-24.5
MOOSE4Smoky2014,-30.7
MOOSE1Smoky2014,-31.5
MOOSE1Smoky2015,-34.4
MOOSE1Smoky2016,-23.5
93-03-W6Peace2014,-34.9
94-03-W6Peace2014,-35.1
9403W6Peace2015,-27.9
MOOSE2Smoky2014,-31.8
95-03-W6Peace2014,-35.1
88-03-W6Peace2014,-35.5
E85Smoky2014,-33.2
MOOSE2Smoky2015,-33.5
BISON2Smoky2015,-34.4
E81Smoky2015,-36
E84Smoky2014,-33.5
BISON2Smoky2014,-30.8
NORRIS1Smoky2016,-23.2
8704W6MPeace2016,-22.7
NORRIS1Smoky2014,-30.7
E83Smoky2014,-31.6
88-04-W6Peace2014,-34.9
RAT1Smoky2014A,-32.6
BISON1Smoky2015,-33
RAT3Smoky2016,-25.3
RAT4Smoky2014,-32.3
BISON1Smoky2014,-30.7
RAT3Smoky2014,-31.9
87-05-W6Peace2014,-34.2
8705W6Peace2015,-27.1
RAT1Smoky2014B,-32.9
BISON1Smoky2016,-23.4
RAT2Smoky2014,-31.6
PRAIRIE2Smoky2015,-35.9
RAT1Smoky2016,-22.2
E82Smoky2014,-32.2
RAT2Smoky2015A,-32.6
8906W6Peace2015,-28.4
89-06-W6Peace2014,-34.3
REDROCK2Smoky2014,-33.3
REDROCK1Smoky2014,-32.1
PRAIRIE1Smoky2014,-33.4
PRAIRIE1Smoky2015,-35.6
92-03-W6Peace2014,-33.9
97-06-W6Peace2014,-34.3
RAT2Smoky2016,-22.8
10606W6Peace2016,-26.9
107-06-W6Peace2014,-35.5
9706W6Peace2015,-27.9
RAT2Smoky2015B,-32.2
STONY1Smoky2014,-30.1
WOLF1Smoky2016,-22.2
WOLF2Smoky2015,-32
WOLF3Smoky2015,-32.6
WOLF1Smoky2014,-32.3
STONY1Smoky2016,-22
8807W6MPeace2016,-22.7
8807W6Peace2015,-28.1
88-07-W6Peace2014,-34
WOLF2Smoky2016,-22.2
WOLF1Smoky2015,-32
REDRCK2Smoky2016,-24.1
WOLF4Smoky2015,-31.8
WOLF2Smoky2014,-31.1
WOLF3Smoky2014,-30.2
BASE1Smoky2016,-24.7
REDRCK1Smoky2016,-23.8
REDROCK3Smoky2014,-31.6
GUNDERSON3Smoky2015,-31.8
REDROCK3Smoky2015,-32.1
WOLF5Smoky2015,-32.7
11009W6Peace2016,-25.5
110-09-W6Peace2014,-34.8
11009W6Peace2015,-29.9
BASE2Smoky2016,-25.4
GUNDERSON2Smoky2015,-30.7
GUNDERSON1Smoky2014,-28.6
GUND2Smoky2016,-22
GUNDERSON4Smoky2015,-30.5
GUNDERSON1Smoky2015,-31
GUNDERSON2Smoky2014,-29.2
LINGRELL1Smoky2015,-29.7
GUND3Smoky2016,-21
GUNDERSON3Smoky2014,-28.9
8612W6Peace2015,-31.2
LINGRELL1Smoky2016,-20.4
NARR1Smoky2015,-30.6
NARRAWAY3Smoky2014,-27.9
NARRAWAY1Smoky2014,-29.1
NARR2Smoky2015,-30.1
NARR2Smoky2016,-20.4
NARR1Smoky2016,-20.3
